pdate,dataset_role,operations,delinquent_operations,delinquency_rate,avg_loan_amount_30d,avg_loans_30d
2016-06-01,TRAIN,2535,348.0,0.13727810650887573,6.828402366863905,1.1380670611439843
2016-06-02,TRAIN,2577,352.0,0.136592937524253,7.369033760186263,1.2281722933643773
2016-06-03,TRAIN,2489,366.0,0.14704700683005223,7.9815186822016875,1.3302531137002813
2016-06-04,TRAIN,1559,239.0,0.15330339961513792,8.220654265554844,1.3701090442591404
2016-06-05,TRAIN,2564,416.0,0.1622464898595944,8.403276131045242,1.4005460218408736
2016-06-06,TRAIN,2631,376.0,0.14291144051691373,9.409350057012542,1.5682250095020904
2016-06-07,TRAIN,2502,357.0,0.14268585131894485,9.863309352517986,1.643884892086331
2016-06-08,TRAIN,2580,396.0,0.15348837209302327,10.581395348837209,1.7635658914728682
2016-06-09,TRAIN,2604,384.0,0.14746543778801843,10.601382488479263,1.7668970814132103
2016-06-10,TRAIN,2858,523.0,0.18299510146955913,11.084674597620713,1.847445766270119
2016-06-11,TRAIN,2915,515.0,0.17667238421955403,11.35368782161235,1.8922813036020583
2016-06-12,TRAIN,2936,538.0,0.18324250681198911,11.983651226158038,1.997275204359673
2016-06-13,TRAIN,2897,522.0,0.18018639972385225,12.416292716603383,2.069382119433897
2016-06-14,TRAIN,2945,505.0,0.17147707979626486,13.142954159592529,2.1904923599320885
2016-06-15,TRAIN,3033,536.0,0.17672271678206397,13.137487636003957,2.189581272667326
2016-06-16,TRAIN,2824,454.0,0.16076487252124647,13.63385269121813,2.2723087818696883
2016-06-17,TRAIN,3082,511.0,0.16580142764438677,14.256327060350422,2.376054510058404
2016-06-18,TRAIN,2972,478.0,0.16083445491251683,14.727456258411843,2.4545760430686405
2016-06-19,TRAIN,2833,416.0,0.14684080480056477,15.282739145781857,2.5471231909636427
2016-06-20,TRAIN,3099,547.0,0.17650855114553082,15.316553727008712,2.552758954501452
2016-06-21,TRAIN,2890,462.0,0.15986159169550174,15.853287197231834,2.6422145328719724
2016-06-22,TRAIN,2906,485.0,0.16689607708189952,16.816930488644186,2.8028217481073643
2016-06-23,TRAIN,2964,472.0,0.1592442645074224,17.289473684210527,2.8815789473684212
2016-06-24,TRAIN,2785,425.0,0.1526032315978456,17.892280071813286,2.9820466786355477
2016-06-25,TRAIN,2956,440.0,0.14884979702300405,18.121786197564276,3.020297699594046
2016-06-26,TRAIN,2901,454.0,0.15649775939331265,17.902792140641157,2.98379869010686
2016-06-27,TRAIN,2999,508.0,0.1693897965988663,18.78426142047349,3.130710236745582
2016-06-28,TRAIN,2664,364.0,0.13663663663663664,20.12837837837838,3.2935435435435436
2016-06-29,TRAIN,2832,418.0,0.1475988700564972,19.91313559322034,3.2598870056497176
2016-06-30,TRAIN,2822,454.0,0.16087880935506732,19.64351523742027,3.2090715804394048
2016-07-01,TRAIN,2954,486.0,0.16452268111035884,19.649289099526065,3.2163168584969535
2016-07-02,TRAIN,2910,499.0,0.17147766323024055,19.04123711340206,3.102749140893471
2016-07-03,TRAIN,2905,461.0,0.15869191049913942,19.35077452667814,3.1545611015490533
2016-07-04,TRAIN,3150,564.0,0.17904761904761904,19.257142857142856,3.141269841269841
2016-07-05,TRAIN,3127,581.0,0.18580108730412537,18.65046370322993,2.984010233450592
2016-07-06,TRAIN,3041,565.0,0.18579414666228214,20.201907267346268,3.2147319960539296
2016-07-07,TRAIN,3116,562.0,0.1803594351732991,20.547496790757382,3.269255455712452
2016-07-08,EMBARGO,2891,542.0,0.18747838118298166,20.154271878242824,3.205119335869941
2016-07-09,EMBARGO,2922,526.0,0.18001368925393565,20.349075975359344,3.232375085557837
2016-07-10,EMBARGO,3014,570.0,0.18911745189117452,19.739880557398806,3.1184472461844726
2016-07-11,EMBARGO,3020,486.0,0.1609271523178808,20.81523178807947,3.2801324503311258
2016-07-12,EMBARGO,2962,530.0,0.17893315327481432,21.00810263335584,3.3068872383524646
2016-07-13,OOT,2953,576.0,0.1950558753809685,20.52353538774128,3.1882831019302404
2016-07-14,OOT,2920,602.0,0.20616438356164385,20.837671232876712,3.2215753424657536
2016-07-15,OOT,2908,570.0,0.19601100412654746,20.537826685006877,3.1633425034387894
2016-07-16,OOT,2839,557.0,0.19619584360690384,20.504402958788305,3.1412469179288482
2016-07-17,OOT,2873,607.0,0.211277410372433,20.10511660285416,3.0449008005569094
2016-07-18,OOT,2926,610.0,0.20847573479152426,19.681476418318525,3.028024606971975
2016-07-19,OOT,2892,611.0,0.21127247579529737,20.79875518672199,3.1324343015214384
2016-07-20,OOT,2842,639.0,0.22484166080225193,20.68332160450387,3.1400422237860663
2016-07-21,OOT,2750,531.0,0.1930909090909091,20.517818181818182,3.109090909090909
2016-07-22,OOT,2847,621.0,0.21812434141201265,20.80295047418335,3.1015103617843343
2016-07-23,OOT,2852,605.0,0.21213183730715288,21.523842917251052,3.1991584852734922
2016-07-24,SCORING,2318,0.0,,23.86281276962899,3.532355478861087
2016-07-25,SCORING,2313,0.0,,24.072632944228275,3.5023778642455685
2016-07-26,SCORING,2273,0.0,,24.868455785305763,3.620325560932688
2016-07-27,SCORING,2284,0.0,,23.818739054290717,3.448336252189142
2016-07-28,SCORING,2233,0.0,,23.790416480071652,3.4491715181370353
2016-07-29,SCORING,2245,0.0,,24.253897550111358,3.511804008908686
2016-07-30,SCORING,2307,0.0,,23.011703511053316,3.3003901170351106
2016-07-31,SCORING,2178,0.0,,17.134986225895318,2.4674012855831036
2016-08-01,SCORING,2335,0.0,,23.820128479657388,3.4406852248394006
2016-08-02,SCORING,2352,0.0,,23.81122448979592,3.4056122448979593
2016-08-03,SCORING,2213,0.0,,24.764572977858112,3.5042928151830095
2016-08-04,SCORING,2445,0.0,,25.98036809815951,3.547239263803681
2016-08-05,SCORING,2298,0.0,,16.997389033942557,2.3912097476066143
2016-08-06,SCORING,2358,0.0,,16.83715012722646,2.359626802374894
2016-08-07,SCORING,2408,0.0,,16.27574750830565,2.2956810631229234
2016-08-08,SCORING,2428,0.0,,25.70510708401977,3.425864909390445
2016-08-09,SCORING,2191,0.0,,15.494294842537654,2.151528982199909
2016-08-10,SCORING,2178,0.0,,22.14876033057851,3.0013774104683195
2016-08-11,SCORING,2157,0.0,,22.73435326842837,3.0120537783959205
2016-08-12,SCORING,2130,0.0,,22.92676056338028,3.0305164319248825
2016-08-13,SCORING,2119,0.0,,23.682869277961302,3.1812175554506843
2016-08-14,SCORING,1951,0.0,,23.274218349564325,3.079958995386981
2016-08-15,SCORING,1879,0.0,,24.552421500798296,3.194784459819053
2016-08-16,SCORING,1893,0.0,,24.015847860538827,3.1595351294241945
2016-08-17,SCORING,1688,0.0,,8.182464454976303,1.018957345971564
2016-08-18,SCORING,1407,0.0,,8.498933901918976,1.0867093105899075
2016-08-19,SCORING,1132,0.0,,9.265017667844523,1.2120141342756183
2016-08-20,SCORING,788,0.0,,10.6751269035533,1.3616751269035532
2016-08-21,SCORING,324,0.0,,12.296296296296296,1.5740740740740742
